id,category,value1,value2
1,A,29,6.729380384052808
2,B,34,64.74089722132922
3,A,42,92.33746343506823
4,C,38,83.9475919832688
5,B,19,44.46542561184711
